---,MaxAmmo_num,Head_Magnification,max_Horizontal_Recoil,min_Horizontal_Recoil,max_vertical_Recoil,min_vertical_Recoil,spread_Power,WeaponDistance,HoldAmmo_num,Max_Damage,Min_Damage,Fire_Rate,Max_Range,Deviation,Max_FireCount
Default,"30","1.500000","0.200000","-0.200000","-0.300000","-0.100000","0.100000","0.000000","-1","20.000000","10.000000","0.100000","1000.000000","3.000000","10"
Rifle,"30","1.800000","0.200000","-0.200000","-0.500000","-0.300000","0.300000","0.000000","-1","20.000000","10.000000","0.100000","2000.000000","3.000000","10"
Pistol,"10","1.500000","0.100000","-0.100000","-0.300000","-0.200000","0.150000","0.000000","-1","12.000000","8.000000","0.250000","1000.000000","2.000000","3"
Shotgun,"0","0.000000","0.200000","-0.200000","-1.500000","-0.800000","1.000000","0.000000","0","20.000000","10.000000","0.700000","0.000000","1.000000","0"
