---,camerapos,camerapos_Runing,camerapos_Cover,camerapos_Aiming,camerapos_FaceRight,camerapos_FaceLeft,camerapos_Crouch,camerapos_FrontRightPeek,camerapos_FrontLeftPeek,camerapos_HighRightPeek,camerapos_HighLeftPeek,camerapos_LowRightPeek,camerapos_LowLeftPeek,camerarot_aiming,camerarot_PeekingLeft,camerarot_PeekingLRight,AimingArmLength,IdleArmLength,TargetArmLenght,m_PosSpeed,m_RotSpeed,m_LengthSpeed
Default,"(X=100.000000,Y=30.000000,Z=110.000000)","(X=100.000000,Y=-10.000000,Z=-10.000000)","(X=60.000000,Y=0.000000,Z=110.000000)","(X=-15.000000,Y=20.000000,Z=0.000000)","(X=-30.000000,Y=80.000000,Z=20.000000)","(X=-30.000000,Y=-80.000000,Z=20.000000)","(X=0.000000,Y=0.000000,Z=-50.000000)","(X=80.000000,Y=-40.000000,Z=25.000000)","(X=80.000000,Y=0.000000,Z=25.000000)","(X=80.000000,Y=-30.000000,Z=-25.000000)","(X=80.000000,Y=0.000000,Z=-25.000000)","(X=100.000000,Y=-55.000000,Z=-15.000000)","(X=100.000000,Y=20.000000,Z=-15.000000)","(Pitch=2.000000,Yaw=0.000000,Roll=0.000000)","(Pitch=-5.000000,Yaw=9.000000,Roll=0.000000)","(Pitch=-0.500000,Yaw=-7.000000,Roll=0.000000)","145.000000","300.000000","300.000000","7.000000","7.000000","7.000000"
Vehicle,"(X=100.000000,Y=50.000000,Z=110.000000)","(X=100.000000,Y=-10.000000,Z=-10.000000)","(X=60.000000,Y=0.000000,Z=110.000000)","(X=-15.000000,Y=20.000000,Z=0.000000)","(X=-30.000000,Y=80.000000,Z=20.000000)","(X=-30.000000,Y=-80.000000,Z=20.000000)","(X=0.000000,Y=0.000000,Z=-50.000000)","(X=80.000000,Y=-40.000000,Z=25.000000)","(X=80.000000,Y=0.000000,Z=25.000000)","(X=80.000000,Y=-30.000000,Z=-25.000000)","(X=80.000000,Y=0.000000,Z=-25.000000)","(X=100.000000,Y=-55.000000,Z=-15.000000)","(X=100.000000,Y=20.000000,Z=-15.000000)","(Pitch=2.000000,Yaw=0.000000,Roll=0.000000)","(Pitch=-5.000000,Yaw=9.000000,Roll=0.000000)","(Pitch=-0.500000,Yaw=-7.000000,Roll=0.000000)","145.000000","300.000000","300.000000","7.000000","7.000000","7.000000"
